{"prefix": {"roocs": "urn:roocs:", "provone": "http://purl.dataone.org/provone/2015/01/15/ontology#", "dcterms": "http://purl.org/dc/terms/"}, "agent": {"roocs:C3S_CDS": {"prov:type": {"$": "prov:Organization", "type": "prov:QUALIFIED_NAME"}, "prov:label": "Copernicus Climate Data Store", "dcterms:source": "https://cds.climate.copernicus.eu"}, "roocs:rook_v0.12.2": {"prov:type": {"$": "prov:SoftwareAgent", "type": "prov:QUALIFIED_NAME"}, "prov:label": "Rook", "dcterms:source": "https://github.com/roocs/rook/releases/tag/v0.12.2"}, "roocs:daops_v0.10.0": {"prov:type": {"$": "prov:SoftwareAgent", "type": "prov:QUALIFIED_NAME"}, "prov:label": "DAOPS", "dcterms:source": "https://github.com/roocs/daops/releases/tag/v0.10.0"}}, "wasAttributedTo": {"_:id1": {"prov:entity": "roocs:rook_v0.12.2", "prov:agent": "roocs:C3S_CDS"}}, "entity": {"roocs:workflow_eaf19c57-fe45-41d4-be62-c6f628fbb24c": {"prov:type": {"$": "provone:Workflow", "type": "prov:QUALIFIED_NAME"}}, "roocs:c3s-cmip6.ScenarioMIP.MPI-M.MPI-ESM1-2-LR.ssp245.r1i1p1f1.Amon.tasmin.gn.v20190710": {"prov:type": {"$": "provone:Data", "type": "prov:QUALIFIED_NAME"}, "prov:label": "c3s-cmip6.ScenarioMIP.MPI-M.MPI-ESM1-2-LR.ssp245.r1i1p1f1.Amon.tasmin.gn.v20190710"}, "roocs:tasmin_Amon_MPI-ESM1-2-LR_ssp245_r1i1p1f1_gn_20150116-21001216.nc": {"prov:type": {"$": "provone:Data", "type": "prov:QUALIFIED_NAME"}, "prov:label": "tasmin_Amon_MPI-ESM1-2-LR_ssp245_r1i1p1f1_gn_20150116-21001216.nc"}}, "activity": {"roocs:orchestrate_eaf19c57-fe45-41d4-be62-c6f628fbb24c": {"prov:type": {"$": "provone:Execution", "type": "prov:QUALIFIED_NAME"}, "prov:label": "orchestrate", "prov:startTime": "2023-12-20T19:26:24", "prov:endTime": "2023-12-20T19:26:27"}, "roocs:subset_tasmin_1_c332e001-aac5-4e17-b45f-e64d2ef9ff8a": {"prov:type": {"$": "provone:Execution", "type": "prov:QUALIFIED_NAME"}, "prov:label": "subset_tasmin_1", "roocs:time": "2015/2100", "roocs:time_components": "year:2015,2016,2017,2018,2019,2020,2021,2022,2023,2024,2025,2026,2027,2028,2029,2030,2031,2032,2033,2034,2035,2036,2037,2038,2039,2040,2041,2042,2043,2044,2045,2046,2047,2048,2049,2050,2051,2052,2053,2054,2055,2056,2057,2058,2059,2060,2061,2062,2063,2064,2065,2066,2067,2068,2069,2070,2071,2072,2073,2074,2075,2076,2077,2078,2079,2080,2081,2082,2083,2084,2085,2086,2087,2088,2089,2090,2091,2092,2093,2094,2095,2096,2097,2098,2099,2100", "roocs:area": "9,53,11,55", "roocs:apply_fixes": false}}, "wasAssociatedWith": {"_:id2": {"prov:activity": "roocs:orchestrate_eaf19c57-fe45-41d4-be62-c6f628fbb24c", "prov:agent": "roocs:rook_v0.12.2", "prov:plan": "roocs:workflow_eaf19c57-fe45-41d4-be62-c6f628fbb24c"}, "_:id3": {"prov:activity": "roocs:subset_tasmin_1_c332e001-aac5-4e17-b45f-e64d2ef9ff8a", "prov:agent": "roocs:daops_v0.10.0", "prov:plan": "roocs:workflow_eaf19c57-fe45-41d4-be62-c6f628fbb24c"}}, "wasDerivedFrom": {"_:id4": {"prov:generatedEntity": "roocs:tasmin_Amon_MPI-ESM1-2-LR_ssp245_r1i1p1f1_gn_20150116-21001216.nc", "prov:usedEntity": "roocs:c3s-cmip6.ScenarioMIP.MPI-M.MPI-ESM1-2-LR.ssp245.r1i1p1f1.Amon.tasmin.gn.v20190710", "prov:activity": "roocs:subset_tasmin_1_c332e001-aac5-4e17-b45f-e64d2ef9ff8a"}}}