"Date","Type","JDay","Coef","VIP","MetricMean","MetricStdev"
701,"Chill",-183,0.0711006357941306,0.48634032857274,0.2,0.352606209268867
702,"Chill",-182,0.207592287685433,1.11785159350298,0.174242424242424,0.328968243944077
703,"Chill",-181,0.162092262358887,0.994945259672149,0.172727272727273,0.344528805839147
704,"Chill",-180,0.141601343552108,0.901611180999587,0.157575757575758,0.335951801628889
705,"Chill",-179,0.159468342643659,0.917422945907201,0.154545454545455,0.308310443997822
706,"Chill",-178,0.153670186144561,1.01977684985601,0.171212121212121,0.338537375700571
707,"Chill",-177,0.124503557910626,0.914809369320491,0.15,0.301662294752992
708,"Chill",-176,0.12366682425056,1.01001251843268,0.136363636363636,0.28032558662141
709,"Chill",-175,0.0974143708301193,0.999653000995211,0.134848484848485,0.263847036948449
710,"Chill",-174,0.0858801016919502,0.837735179690949,0.127272727272727,0.260485393881941
711,"Chill",-173,0.093526574261595,0.913174238464111,0.131818181818182,0.259529134974913
712,"Chill",-172,0.0897570736486484,0.874351865906935,0.140909090909091,0.261143304999195
713,"Chill",-171,0.0262414797403813,0.706639383924977,0.136363636363636,0.299647268938534
714,"Chill",-170,0.0351074122345025,0.623385674085098,0.127272727272727,0.280675151040883
715,"Chill",-169,0.0163940650052881,0.52102038489243,0.142424242424242,0.285703946610868
716,"Chill",-168,0.0193028083354995,0.515020578947498,0.146969696969697,0.28849715977235
717,"Chill",-167,0.0242052879350702,0.491101090015438,0.134848484848485,0.245132852406495
718,"Chill",-166,0.0311378887276928,0.581126969616709,0.137878787878788,0.250782033140066
719,"Chill",-165,0.050244823667023,0.625647426378069,0.125757575757576,0.246045437632263
720,"Chill",-164,0.0251475970118004,0.412046797424765,0.133333333333333,0.253545618720347
721,"Chill",-163,0.0295812842168693,0.443382922722132,0.13030303030303,0.254042352622169
722,"Chill",-162,0.0123304979313175,0.421433612878158,0.122727272727273,0.241293265794269
723,"Chill",-161,0.0217140284200477,0.391067892510861,0.112121212121212,0.203187008800664
724,"Chill",-160,-0.028128328663695,0.298937788682719,0.112121212121212,0.194018024635248
725,"Chill",-159,-0.028286042972205,0.278032700275269,0.118181818181818,0.202450321095216
726,"Chill",-158,-0.0323545873328505,0.414824710591356,0.1,0.21995937431314
727,"Chill",-157,-0.061031491481836,0.423916711455487,0.104545454545455,0.229389220504847
728,"Chill",-156,-0.0674456320907129,0.355108339538907,0.0939393939393939,0.2194918724577
729,"Chill",-155,-0.0407799715107542,0.243536981191181,0.0924242424242424,0.23282383557834
730,"Chill",-154,-0.0604892237680681,0.286313572796093,0.1,0.238886617625775
731,"Chill",-153,-0.0429861597636748,0.232281870047736,0.0924242424242424,0.22979595732943
801,"Chill",-152,-0.0170760237361692,0.167694294125898,0.0984848484848485,0.232100747252954
802,"Chill",-151,-0.0265095627401932,0.249155884322029,0.109090909090909,0.258650586831108
803,"Chill",-150,-0.0402302665076885,0.311674008671669,0.110606060606061,0.249998832700268
804,"Chill",-149,-0.060773776663924,0.441036288227624,0.1,0.24180068752827
805,"Chill",-148,-0.0625081079015035,0.502735892006764,0.0954545454545454,0.239895971290896
806,"Chill",-147,-0.118948207244843,0.676353301028124,0.103030303030303,0.204629612316777
807,"Chill",-146,-0.0725414980554854,0.608233094746192,0.0909090909090909,0.202934074045589
808,"Chill",-145,-0.0908505574052327,0.803745308933415,0.0893939393939394,0.191199915446652
809,"Chill",-144,-0.164642147670298,1.37978613349504,0.0848484848484848,0.191474448419211
810,"Chill",-143,-0.144412421181943,1.2763390778831,0.0772727272727273,0.183981734447878
811,"Chill",-142,-0.133021439923298,1.15750381020808,0.0803030303030303,0.158868800859216
812,"Chill",-141,-0.111998307231856,1.23333297586972,0.1,0.207507233599405
813,"Chill",-140,-0.096194431507929,1.01046213905084,0.103030303030303,0.182944635849623
814,"Chill",-139,-0.067811824289061,0.811228616886209,0.104545454545455,0.182452667963682
815,"Chill",-138,-0.0842494976826027,0.886445926332166,0.104545454545455,0.184741521841035
816,"Chill",-137,-0.129409262297729,0.918689478504129,0.131818181818182,0.226686454920394
817,"Chill",-136,-0.0176107601896131,0.505656968177841,0.153030303030303,0.241679969461252
818,"Chill",-135,-0.0029349152708866,0.381093673237279,0.171212121212121,0.290914708471699
819,"Chill",-134,-0.00423561815486158,0.23606632591186,0.196969696969697,0.337324935703366
820,"Chill",-133,0.00404810132000157,0.310352436680998,0.224242424242424,0.372190099842397
821,"Chill",-132,0.00208779996418669,0.33350491759544,0.254545454545455,0.432209294939733
822,"Chill",-131,0.0137676342867462,0.331320896438295,0.251515151515152,0.431744512949355
823,"Chill",-130,0.0119492098514025,0.386750456485275,0.251515151515152,0.394799740067589
824,"Chill",-129,0.00382113810424377,0.498113379469012,0.28030303030303,0.419877204638253
825,"Chill",-128,-0.00482229733707728,0.570362914902241,0.328787878787879,0.479322158387955
826,"Chill",-127,0.027837120674968,0.70567122992207,0.377272727272727,0.555839758592443
827,"Chill",-126,0.0484116733301671,0.8365842133344,0.439393939393939,0.674753677003665
828,"Chill",-125,0.022698676013792,0.74555116508196,0.503030303030303,0.77599989795176
829,"Chill",-124,0.0144501311774572,0.676854382810233,0.543939393939394,0.858449539517083
830,"Chill",-123,0.0122172193752293,0.572748899839425,0.577272727272727,0.926916908075053
831,"Chill",-122,-0.0149669348636129,0.589605848916281,0.616666666666667,0.930275760020164
901,"Chill",-121,-0.0047227606768503,0.612589759392466,0.701515151515152,1.0168894046354
902,"Chill",-120,0.0077627492427814,0.632059458907605,0.771212121212121,1.10310233316573
903,"Chill",-119,0.0150587820202351,0.678120155286092,0.815151515151515,1.17450226593051
904,"Chill",-118,0.00951342902994008,0.592227744727371,0.871212121212121,1.20712407269144
905,"Chill",-117,0.00271915159018684,0.590209313432332,0.942424242424243,1.25833449676458
906,"Chill",-116,-0.0229756676275899,0.564325683847185,0.986363636363637,1.25441648697325
907,"Chill",-115,-0.0362615918763246,0.567094594625622,1.00454545454545,1.1966504356006
908,"Chill",-114,-0.0347241937601182,0.551420664441698,1.04545454545455,1.20238125782638
909,"Chill",-113,-0.0467458670181272,0.585169668990409,1.1,1.23855737580522
910,"Chill",-112,-0.0439165830648214,0.594663293223301,1.17727272727273,1.32200709509825
911,"Chill",-111,-0.018354826006374,0.546320366917185,1.24090909090909,1.4122138463745
912,"Chill",-110,-0.0200301048933174,0.53470325003506,1.31212121212121,1.46446604040167
913,"Chill",-109,-0.0396353098042287,0.556526989617068,1.45,1.59038512172716
914,"Chill",-108,-0.02685218586701,0.52112793250628,1.63030303030303,1.72997652839934
915,"Chill",-107,-0.00106612171485627,0.515895316090178,1.77424242424242,1.91290188750692
916,"Chill",-106,0.0266991387705208,0.508448563622169,1.87575757575758,2.06281566778165
917,"Chill",-105,0.0624840604167263,0.57106008604346,1.98030303030303,2.17178559234161
918,"Chill",-104,0.0871724629293459,0.62698589987417,2.14545454545455,2.26171136148551
919,"Chill",-103,0.0878048600979553,0.646751355006434,2.21060606060606,2.31322874384835
920,"Chill",-102,0.086448081340158,0.631677221630526,2.26515151515152,2.39251597660784
921,"Chill",-101,0.0588257528983768,0.556632589695912,2.32727272727273,2.32269870232912
922,"Chill",-100,0.0242098099456948,0.487825789307155,2.41666666666667,2.32348809099542
923,"Chill",-99,0.025965148444083,0.50176079347545,2.48030303030303,2.29996569136251
924,"Chill",-98,0.0443574978283776,0.541043312557905,2.50909090909091,2.32583256672731
925,"Chill",-97,0.0584080521137985,0.57097334827494,2.54393939393939,2.33168469428523
926,"Chill",-96,0.045909035163862,0.562726978484608,2.58484848484848,2.31310006266322
927,"Chill",-95,0.0320771180551134,0.554027171738541,2.61818181818182,2.3153053243411
928,"Chill",-94,-0.00429296722450466,0.544628980672447,2.74242424242424,2.38887594904981
929,"Chill",-93,-0.02979548335965,0.602628564800904,2.72878787878788,2.37306945838928
930,"Chill",-92,-0.0462013518647485,0.664929949730906,2.76212121212121,2.40383568837716
1001,"Chill",-91,-0.0578846737050242,0.727097023833073,2.89090909090909,2.40504209585627
1002,"Chill",-90,-0.0151066379288109,0.687830024992083,2.97424242424242,2.49240851402315
1003,"Chill",-89,0.0300170753645805,0.623019844657883,3.09090909090909,2.66387536593986
1004,"Chill",-88,0.0338747805621942,0.619308194776099,3.23181818181818,2.8442024054477
1005,"Chill",-87,0.0416346107027045,0.658968033375572,3.38484848484848,2.92198445974401
1006,"Chill",-86,0.0185578589188102,0.665779194247055,3.55,3.01582997273208
1007,"Chill",-85,0.00603028388808336,0.720802898026701,3.78484848484848,3.19830492762152
1008,"Chill",-84,0.00300895623892947,0.737610722611617,4.15757575757576,3.42963472685079
1009,"Chill",-83,0.0374242484807353,0.724874804559558,4.43484848484848,3.61306448233928
1010,"Chill",-82,0.0535774480560868,0.73939784449363,4.74393939393939,3.78429794791376
1011,"Chill",-81,0.0628074785940382,0.740111453423451,5.1530303030303,3.86661234672267
1012,"Chill",-80,0.0802602839739317,0.714198185493319,5.51969696969697,3.96860814215552
1013,"Chill",-79,0.0726279056920982,0.659871913736688,5.91818181818182,4.00265005365496
1014,"Chill",-78,0.0682653129651569,0.596791020263188,6.16363636363636,4.06246919671104
1015,"Chill",-77,0.0445265795987338,0.492705839614662,6.37121212121212,4.08658534276957
1016,"Chill",-76,0.0187305811624041,0.401590058761778,6.70454545454545,4.08148632320721
1017,"Chill",-75,-0.0181841833158612,0.355310930269303,6.93333333333333,4.06509116114101
1018,"Chill",-74,-0.0427587211958715,0.383621018808728,7.02878787878788,4.11535213234301
1019,"Chill",-73,-0.0545958757673149,0.419636303815247,7.03333333333333,4.05446760608021
1020,"Chill",-72,-0.0730134268299852,0.428417450840431,7.12575757575758,4.08774373916226
1021,"Chill",-71,-0.0775314692719013,0.44687103115662,7.2939393939394,4.0924792968977
1022,"Chill",-70,-0.0621149660134753,0.502965174508578,7.41060606060606,4.1806956243255
1023,"Chill",-69,-0.0441934463148971,0.568931422139615,7.53333333333333,4.32252937146261
1024,"Chill",-68,-0.0478980702041338,0.580817706760803,7.68030303030303,4.46751332973461
1025,"Chill",-67,-0.0573536165686593,0.576957172970541,8.01060606060606,4.51586956507251
1026,"Chill",-66,-0.0336884021012999,0.54579237606195,8.29393939393939,4.49361398572008
1027,"Chill",-65,-0.0214214080810903,0.52362353405745,8.38939393939394,4.30006634539248
1028,"Chill",-64,0.00230548162674233,0.571226125510613,8.53787878787879,4.32699341547409
1029,"Chill",-63,0.0311044875486178,0.580957432942959,8.78636363636364,4.39233070103483
1030,"Chill",-62,0.0493814717545775,0.513985572108885,9.06969696969697,4.41642335562443
1031,"Chill",-61,0.0631472593201362,0.522716197143549,9.51060606060606,4.36572534957179
1101,"Chill",-60,0.0451630125508005,0.445479437424273,9.93484848484848,4.26795759305963
1102,"Chill",-59,0.015515282610779,0.331999328288293,10.3712121212121,4.07023681788341
1103,"Chill",-58,-0.022084688750256,0.272699819876986,10.7318181818182,3.9029559125132
1104,"Chill",-57,-0.041445420456604,0.297431710012123,11.0045454545455,3.71658149488537
1105,"Chill",-56,-0.0458850385655961,0.260711572644268,11.2787878787879,3.57219447626943
1106,"Chill",-55,-0.0841151166455549,0.399882777115038,11.6,3.53970930341101
1107,"Chill",-54,-0.0923345466505723,0.447741689665779,12,3.74816572779465
1108,"Chill",-53,-0.0722405822363785,0.367405040015256,12.4878787878788,3.7564891481882
1109,"Chill",-52,-0.0298556898120817,0.205151827022531,12.8636363636364,3.76083204665522
1110,"Chill",-51,0.0091271359332135,0.0948084582165477,13.1121212121212,3.87608767402407
1111,"Chill",-50,0.0293524695443008,0.191218639734261,13.2621212121212,3.73101363124468
1112,"Chill",-49,0.0521027239633278,0.272322802860523,13.3681818181818,3.63456908724032
1113,"Chill",-48,0.0830108533891963,0.37784336427562,13.5166666666667,3.7421998689261
1114,"Chill",-47,0.0919094582913599,0.409094486687206,13.7969696969697,3.8647235547022
1115,"Chill",-46,0.0883272045397856,0.386514175123472,14.0924242424242,4.02908224769567
1116,"Chill",-45,0.0859502540433056,0.369807137058411,14.1378787878788,4.10662932891039
1117,"Chill",-44,0.0903641916882604,0.391097725021348,14.0863636363636,4.27809795890169
1118,"Chill",-43,0.065205526361202,0.285237150189125,14.0409090909091,4.47167941550703
1119,"Chill",-42,0.0279236871692457,0.22637767557962,13.9409090909091,4.58820649982081
1120,"Chill",-41,-0.0230094719845228,0.279155990280998,13.9530303030303,4.66323496912502
1121,"Chill",-40,-0.0714626037060515,0.469143019042755,14.2227272727273,4.55894531119526
1122,"Chill",-39,-0.0995838267518678,0.594985801678616,14.5151515151515,4.57285015983491
1123,"Chill",-38,-0.101702886865265,0.574334836536163,14.8151515151515,4.41733036830633
1124,"Chill",-37,-0.104305489772206,0.52466349992683,14.930303030303,4.3813318230511
1125,"Chill",-36,-0.0993642120229486,0.440040123442209,14.8333333333333,4.30241356431538
1126,"Chill",-35,-0.0572820238019182,0.252945647393168,14.6833333333333,4.18230357157101
1127,"Chill",-34,-0.0177796150677036,0.079987523608737,14.7515151515151,4.17990398564661
1128,"Chill",-33,0.050605284239104,0.287442293301346,14.8575757575758,4.15140567976564
1129,"Chill",-32,0.128108044773456,0.626088919209318,15.0287878787879,4.20271764432129
1130,"Chill",-31,0.171591012961843,0.776165883948584,15.2348484848485,4.5045708888271
1201,"Chill",-30,0.183354714666738,0.804800289857826,15.2939393939394,4.70494807583683
1202,"Chill",-29,0.193816790815075,0.853831338197939,15.1272727272727,4.67606494983166
1203,"Chill",-28,0.188204417314898,0.848224819801449,14.8030303030303,4.64869403801181
1204,"Chill",-27,0.178974608255228,0.817448457661172,14.4515151515151,4.60965346587001
1205,"Chill",-26,0.159331101163272,0.749446862243404,14.2712121212121,4.58254487311628
1206,"Chill",-25,0.128241808558171,0.635255704371871,14.2575757575758,4.5691881670752
1207,"Chill",-24,0.0696421679913358,0.444023525713476,14.3530303030303,4.57696601695311
1208,"Chill",-23,0.0159582540070944,0.373436946221993,14.4090909090909,4.80012314825451
1209,"Chill",-22,-0.022982119206831,0.411637512837828,14.4287878787879,4.90206915689252
1210,"Chill",-21,-0.0504396904519597,0.458237568399713,14.3227272727273,4.89713275611196
1211,"Chill",-20,-0.0828086316577172,0.484388833140726,14.2151515151515,4.88555009292816
1212,"Chill",-19,-0.083577532841883,0.459700537903066,14.2439393939394,5.04412499776154
1213,"Chill",-18,-0.0787479475611541,0.453078654308432,14.3090909090909,5.19511984519233
1214,"Chill",-17,-0.0845509783807503,0.460927664231444,14.3848484848485,5.31783918053035
1215,"Chill",-16,-0.0971170656210839,0.480768458307606,14.4742424242424,5.50826377276483
1216,"Chill",-15,-0.0943604421647845,0.460864690995594,14.5469696969697,5.50623916555854
1217,"Chill",-14,-0.0615808375925197,0.381832697002866,14.569696969697,5.42325040496401
1218,"Chill",-13,-0.022260639729332,0.35349218602216,14.4393939393939,5.30240219334006
1219,"Chill",-12,0.00553523845362432,0.394360922195972,14.2090909090909,5.10583602980395
1220,"Chill",-11,0.00808136378755136,0.54591809817011,14.1272727272727,4.8794746651073
1221,"Chill",-10,-0.0100884492230455,0.762677988230703,14.0666666666667,4.81987837289828
1222,"Chill",-9,-0.0141905156732426,0.880774904113542,13.8181818181818,4.79663467029193
1223,"Chill",-8,-0.00521702577430001,1.04746459593488,13.6121212121212,4.90243418635891
1224,"Chill",-7,-0.0292659308965646,1.2320534864295,13.4121212121212,5.05865488651554
1225,"Chill",-6,-0.0316222951326871,1.25723494903301,13.2424242424242,5.34116015320914
1226,"Chill",-5,-0.000790233395449605,1.18613061877123,13.0651515151515,5.46560490692896
1227,"Chill",-4,0.0243585255690932,1.17174144457032,12.8984848484848,5.47410697960569
1228,"Chill",-3,0.0168584860680544,1.19299278760092,12.7,5.44164627825785
1229,"Chill",-2,0.00520212148326351,1.13252831902595,12.6818181818182,5.49271442479456
1230,"Chill",-1,-0.00615118339555199,1.07210496778114,12.7166666666667,5.67549643176084
1231,"Chill",0,-0.0213525573113352,1.02604294722844,12.6257575757576,5.76541197602595
101,"Chill",1,-0.0248163486851033,0.90552038631992,12.5060606060606,5.85112894662557
102,"Chill",2,-0.0126261264930138,0.817436529875086,12.6136363636364,5.86538596226562
103,"Chill",3,-0.0253280619013202,0.735394455073392,12.7090909090909,5.77215519531686
104,"Chill",4,-0.0110212421269604,0.558600779677014,12.7742424242424,5.74707345067211
105,"Chill",5,-0.00729417768923458,0.465253229018655,12.7424242424242,5.77112049916194
106,"Chill",6,-0.0299149309400025,0.438825740978551,12.7636363636364,5.81483917847455
107,"Chill",7,-0.0636100461352983,0.486392383110406,12.7621212121212,5.83114627588673
108,"Chill",8,-0.0807288898633766,0.540986211874233,12.7712121212121,5.8788128312127
109,"Chill",9,-0.089786505391125,0.586187149843433,12.85,6.02478480422713
110,"Chill",10,-0.0700790085141881,0.537949109670238,12.930303030303,6.15637305305791
111,"Chill",11,-0.0570002506485255,0.502952610469202,12.9454545454545,6.20112095564968
112,"Chill",12,-0.0455523778791535,0.527149767765879,13.0969696969697,6.28496086404048
113,"Chill",13,-0.0392358652400336,0.578227563846196,13.1212121212121,6.2246019413376
114,"Chill",14,-0.0415648069509758,0.648844571898165,13.119696969697,6.24311340260161
115,"Chill",15,-0.0592230585948287,0.776556384128655,13.0848484848485,6.24422112254822
116,"Chill",16,-0.0423524035963829,0.79408872110769,13.2393939393939,6.19390567244169
117,"Chill",17,-0.0400382706523794,0.843363884421601,13.4045454545455,6.05355991275492
118,"Chill",18,-0.0234694325708,0.786604605191853,13.4969696969697,5.71941561636875
119,"Chill",19,-0.0238358836722339,0.694177404745006,13.6257575757576,5.49341802461154
120,"Chill",20,-0.0156454948350738,0.58237975284785,13.5424242424242,5.26491016802456
121,"Chill",21,-0.0468576737163841,0.601788367880724,13.4560606060606,5.05788019122262
122,"Chill",22,-0.0530058087697333,0.62397386006307,13.5227272727273,4.88797676458262
123,"Chill",23,-0.0621076422470488,0.588327377950291,13.5469696969697,4.63473162813012
124,"Chill",24,-0.0820963936067062,0.539995714092503,13.6015151515152,4.5207988212856
125,"Chill",25,-0.0713279201392163,0.349331120496628,13.4560606060606,4.49137292810199
126,"Chill",26,-0.0671343393195127,0.313787586949075,13.3484848484848,4.56154829383606
127,"Chill",27,-0.0846038541117002,0.438734700027154,13.1454545454545,4.73320121319718
128,"Chill",28,-0.0842126489313058,0.482071914438478,13.0409090909091,4.91249739140237
129,"Chill",29,-0.0819889949681182,0.424536411261057,13.1090909090909,4.99600064172359
130,"Chill",30,-0.0571889677953457,0.328381921095609,13.1590909090909,5.07149128096055
131,"Chill",31,-0.0422123497388233,0.258656105010889,13.2742424242424,5.22349610116509
201,"Chill",32,-0.0193694737450644,0.205931436368393,13.4030303030303,5.18289575113999
202,"Chill",33,-0.0100810822248551,0.210151161544812,13.4515151515151,5.09511620864762
203,"Chill",34,0.0094845149736715,0.239100096668119,13.5242424242424,4.9758730586222
204,"Chill",35,0.0326472163815437,0.254662801694096,13.5409090909091,4.79723110243556
205,"Chill",36,0.0401249175892997,0.229518812602043,13.7272727272727,4.75639954185568
206,"Chill",37,0.0706310086509141,0.335827914431533,13.9121212121212,4.79934879864632
207,"Chill",38,0.0782120161670005,0.354017634845525,13.9575757575757,4.87132269003316
208,"Chill",39,0.0778281797868518,0.373458509322919,13.9242424242424,4.94163063288375
209,"Chill",40,0.0570864777875848,0.307124386224989,13.769696969697,5.15949471120294
210,"Chill",41,0.0296317596506738,0.303062118872024,13.6166666666667,5.1925817890246
211,"Chill",42,0.0125346783528069,0.387601824421786,13.5409090909091,5.18889374470886
212,"Chill",43,0.0119221837631295,0.463079813155388,13.4333333333333,5.36355453351348
213,"Chill",44,-0.0146794497332016,0.646553048500789,13.4045454545455,5.53060541912032
214,"Chill",45,-0.0453827187088198,0.824188320567218,13.3075757575758,5.47781609402991
215,"Chill",46,-0.0484611109714428,0.871244043085446,13.1939393939394,5.37318537480753
216,"Chill",47,-0.0416185689619603,0.87797624011476,13.0727272727273,5.18282638260521
217,"Chill",48,-0.0494784674905325,0.970341606468887,13.0484848484848,5.17608329331423
218,"Chill",49,-0.0658421015738267,0.96650213249857,13.1984848484848,5.13882065309028
219,"Chill",50,-0.0716249615159385,0.895692959816191,13.1757575757576,4.98499967767615
220,"Chill",51,-0.0705159321248729,0.851035299440217,13.0393939393939,4.86487439182192
221,"Chill",52,-0.0405869269515881,0.730324208252827,12.9575757575758,4.81658160671951
222,"Chill",53,-0.0325525656310725,0.637413245261116,12.9030303030303,4.63066106495518
223,"Chill",54,-0.0401137340626459,0.600470744911772,12.9181818181818,4.49602398626942
224,"Chill",55,-0.0237367990261022,0.505369871040358,12.95,4.31928621024558
225,"Chill",56,-0.00821759890713244,0.38384033356992,12.9378787878788,4.24780429645609
226,"Chill",57,-0.0312353178977963,0.405481150488867,12.9242424242424,4.20617168955559
227,"Chill",58,-0.0649553663320773,0.509293014760152,12.8787878787879,4.03235501979299
228,"Chill",59,-0.0707017808599047,0.486057036611144,12.9106060606061,3.80978942911988
301,"Chill",60,-0.0662221330101231,0.484994479997744,12.9060606060606,3.5650545378928
302,"Chill",61,-0.0338213269171656,0.319629285265386,13,3.4473609501561
303,"Chill",62,-0.0125207570715076,0.223465641425559,13.1030303030303,3.41008066440386
304,"Chill",63,-0.016419500283963,0.139324959780243,13.1651515151515,3.5028450472889
305,"Chill",64,-0.0212830618695346,0.231320984290127,13.0787878787879,3.4476643277584
306,"Chill",65,-0.0203227739588627,0.388249279127286,13.0166666666667,3.4734496810977
307,"Chill",66,0.00303418822575407,0.515829781718708,12.9939393939394,3.62420411795894
308,"Chill",67,0.0189516481862253,0.63503486775049,13.0151515151515,3.66805018319348
309,"Chill",68,0.031715920457659,0.751881153757698,13.1469696969697,3.77754038559532
310,"Chill",69,0.0256691359900285,0.826153335944747,13.2060606060606,3.83450420717264
311,"Chill",70,0.0259772113488263,1.00505118809193,13.1878787878788,3.71509026678215
312,"Chill",71,0.0385877132944603,1.20491295678845,13.0863636363636,3.62399379121148
313,"Chill",72,0.0343057272715892,1.30367717252084,12.9939393939394,3.54313727230559
314,"Chill",73,0.0527168657521459,1.47662356149268,13.130303030303,3.56958587458788
315,"Chill",74,0.0739808520703092,1.52265783716203,13.2606060606061,3.64553799022521
316,"Chill",75,0.0794426478207279,1.49429386281784,13.4106060606061,3.69170111757752
317,"Chill",76,0.0751900722281323,1.44030599606055,13.4727272727273,3.55130882477985
318,"Chill",77,0.0550443604207719,1.33705050801589,13.4333333333333,3.5848182889284
319,"Chill",78,0.0372030985745159,1.32131580936082,13.2757575757576,3.53740410607608
320,"Chill",79,0.0185113228800119,1.3228353198282,13.1439393939394,3.59601231520904
321,"Chill",80,0.0220191559782595,1.34913421847123,13.1106060606061,3.55786188496836
322,"Chill",81,0.0420794081963005,1.38803289000865,13.0393939393939,3.50212016974513
323,"Chill",82,0.0749005101656395,1.3792684736348,12.9590909090909,3.54260582484932
324,"Chill",83,0.0922649386172753,1.37153752778251,12.8651515151515,3.69355987555718
325,"Chill",84,0.0775113677268004,1.37120436320238,12.5954545454545,3.71424401845914
326,"Chill",85,0.0471776005684462,1.37703493244746,12.2909090909091,3.74127551203152
327,"Chill",86,0.0433005001837108,1.46060840509208,12.0484848484849,3.8929313274703
328,"Chill",87,0.0448849575505681,1.59095704675177,11.8121212121212,4.07218335938049
329,"Chill",88,0.0272678058109218,1.65108627580063,11.5666666666667,4.32333620414502
330,"Chill",89,0.0207201270126817,1.75711676865559,11.4984848484849,4.3363454392174
331,"Chill",90,0.0302974008375906,1.92910863931907,11.4318181818182,4.22326963897399
401,"Chill",91,0.0385416443087994,1.98983755314454,11.3833333333333,4.37703680934157
402,"Chill",92,0.0388850058280359,1.96083103544618,11.119696969697,4.33259670631196
403,"Chill",93,0.0247735805614072,1.96176610565626,11.0151515151515,4.33423475203466
404,"Chill",94,0.0351287572089269,1.97861282933762,11.0136363636364,4.3689241523577
405,"Chill",95,0.0644261779855171,1.98039764505605,10.9560606060606,4.41782264598859
406,"Chill",96,0.093089889005208,1.95745336264825,10.8636363636364,4.47252746118133
407,"Chill",97,0.133051133518243,1.96946471824963,10.7924242424242,4.35618559031077
408,"Chill",98,0.156151059761433,2.04748043944653,10.7893939393939,4.18357609151309
409,"Chill",99,0.200189419887051,2.14810033922153,10.8136363636364,4.02006540991387
410,"Chill",100,0.225879256211679,2.11577488445227,10.6621212121212,3.91298017246893
411,"Chill",101,0.235435068910374,1.93382157840667,10.3878787878788,3.89262186956004
412,"Chill",102,0.247354656115942,1.81704494075093,10.2106060606061,3.8079874056292
413,"Chill",103,0.232172192614857,1.69910317275778,10.1287878787879,3.80654517261891
414,"Chill",104,0.233996956537883,1.59845864502632,9.97575757575757,3.72533177568921
415,"Chill",105,0.187086146049404,1.33736069304349,9.74545454545455,3.71097568354778
416,"Chill",106,0.140035979920593,1.06857426525054,9.48030303030303,3.64106366777187
417,"Chill",107,0.0737668067883075,0.755839622094042,9.16212121212121,3.65718582670871
418,"Chill",108,0.0270709247568047,0.56304397811202,8.82878787878788,3.74263404754701
419,"Chill",109,0.00840525629444519,0.410925000609393,8.38787878787879,3.72115574071979
420,"Chill",110,-0.00556629997166443,0.399654765030011,7.93030303030303,3.73972390097032
421,"Chill",111,-0.00799254382023688,0.489958687426922,7.62878787878788,3.79120603739818
422,"Chill",112,0.0102452352746422,0.615530097242893,7.51060606060606,3.87535489852026
423,"Chill",113,0.0394622707768077,0.723718351720161,7.24242424242424,3.86922614466825
424,"Chill",114,0.083359539186586,0.872253236205242,7.03333333333333,3.90437479036255
425,"Chill",115,0.107629367623911,1.06934881309864,6.71212121212121,3.83729045781236
426,"Chill",116,0.119623964319765,1.15824365629959,6.35151515151515,3.84525097781812
427,"Chill",117,0.120880236682787,1.18082313765364,6.22272727272727,3.96010448231557
428,"Chill",118,0.134634075388965,1.22278549295459,6.13484848484849,3.96791628198755
429,"Chill",119,0.121881157122716,1.22017558094814,6.04090909090909,3.86226024618655
430,"Chill",120,0.0976165210799877,1.1575609007165,5.9560606060606,3.870522881763
501,"Chill",121,0.0596970604095249,1.05638021605951,5.86212121212121,3.77317711936197
502,"Chill",122,0.0277984110950255,0.973250324284862,5.7,3.59437623961349
503,"Chill",123,-0.00360146322877801,0.928115249345434,5.3469696969697,3.30863250802596
504,"Chill",124,-0.0410546722474806,0.905597145570231,5.01363636363637,3.15104311288462
505,"Chill",125,-0.101074267093361,0.928101808023941,4.66969696969697,3.03797539254171
506,"Chill",126,-0.143991580703635,0.976898457832958,4.42424242424242,2.92870251268491
507,"Chill",127,-0.149520679075971,0.927761751059816,4.16515151515152,2.91455052336264
508,"Chill",128,-0.154430391430163,0.864580454097259,3.88787878787879,2.74485175204102
509,"Chill",129,-0.133980035032521,0.75840449628091,3.70606060606061,2.67732206047592
510,"Chill",130,-0.0951453823314816,0.598048923945916,3.53181818181818,2.58232297198532
511,"Chill",131,-0.0684049462503239,0.521029086083629,3.41515151515152,2.57273335256386
512,"Chill",132,-0.0411738005518277,0.530235112149013,3.25454545454546,2.57531462398728
513,"Chill",133,0.0138949794767351,0.53552343014396,3.13636363636364,2.50504463717965
514,"Chill",134,0.0566091046410857,0.614111217884508,3.02878787878788,2.41589101420959
701,"Heat",-183,-0.104192416223639,0.916124724212591,309.220675573119,41.7779133872908
702,"Heat",-182,-0.119418803009676,0.997239680342503,310.44084425091,41.7940026491291
703,"Heat",-181,-0.126632187052277,1.04162760722849,311.343248447238,41.0549699402741
704,"Heat",-180,-0.0892902723197872,0.969782396642811,312.980826360148,40.1861497406413
705,"Heat",-179,-0.038150750544492,0.85439628041063,314.516704560623,39.0756399879414
706,"Heat",-178,-0.0357811571879912,0.80883180467432,315.80389507944,39.0258633664476
707,"Heat",-177,-0.0391989523268552,0.788504274284556,317.556471950898,37.1320038142126
708,"Heat",-176,-0.0361040275136039,0.733212548536325,320.251040100057,36.0646034424624
709,"Heat",-175,-0.0316167084733385,0.738242319012055,321.598118090569,34.5255188305661
710,"Heat",-174,-0.0230060918264863,0.737378541592437,322.786176840336,34.0018395950344
711,"Heat",-173,-0.021597222009409,0.717588910382459,322.857172159874,34.2519481226918
712,"Heat",-172,-0.0100941407468007,0.703586596931128,322.6496589983,33.505470886734
713,"Heat",-171,0.0186667687569761,0.644187121451343,321.726778574261,33.8676107814275
714,"Heat",-170,0.0316678130101711,0.623034727254305,322.721813275588,34.6309050579761
715,"Heat",-169,0.015396357353915,0.575372036700108,322.547944535493,36.0980672393789
716,"Heat",-168,-0.00745284935468916,0.556592009648262,322.931133013051,37.2093385951734
717,"Heat",-167,-0.0148660363737519,0.521623575281676,324.361419999271,38.3429437659785
718,"Heat",-166,0.00997751870524699,0.516823216946463,324.109771937732,37.7666521181589
719,"Heat",-165,-0.00230554969173928,0.626553018005916,323.924288562661,36.549852514302
720,"Heat",-164,-0.00655342926263465,0.62291724375264,323.723687763951,36.5722153028497
721,"Heat",-163,-0.00867776891565974,0.649411546069896,324.218695306836,34.7386087369044
722,"Heat",-162,-0.0166758691249113,0.641722128594245,325.7871491262,33.1491926819151
723,"Heat",-161,-0.0657521332357472,0.791209651347409,327.078449475627,31.4044916644328
724,"Heat",-160,-0.098248635779086,0.907398943346296,329.93975202767,30.4292165957113
725,"Heat",-159,-0.106732256041712,0.900098553389175,330.189120907053,31.3231443803158
726,"Heat",-158,-0.0892203716643533,0.721009149348009,330.44205583859,31.6575764507037
727,"Heat",-157,-0.07204248825592,0.562690323881241,331.59944319027,31.6494503840577
728,"Heat",-156,-0.0305477957013591,0.371916771153489,331.364278290664,32.2643452953135
729,"Heat",-155,-0.0564128116827425,0.436752174512199,332.824308135928,33.0262278416492
730,"Heat",-154,-0.0753794806161563,0.459215439615736,334.342311113426,32.6981428365933
731,"Heat",-153,-0.0885905225273318,0.472696378718126,335.83107249858,32.0508253337361
801,"Heat",-152,-0.0956576925623608,0.476049831737087,335.544840297706,31.3187283293984
802,"Heat",-151,-0.087327135565521,0.43955929743005,335.506982611927,31.7961734254394
803,"Heat",-150,-0.0561493379006374,0.298854137589243,335.711982553118,31.1893086234267
804,"Heat",-149,-0.0238500827650694,0.187915127557456,334.916662675199,30.8903937609275
805,"Heat",-148,-0.00380172438379412,0.188572277119302,334.901086262871,31.1940256413909
806,"Heat",-147,-0.032283067752786,0.343499627650729,335.22356302893,30.7285812193242
807,"Heat",-146,-0.0589870592515665,0.555924762708589,334.048444716118,30.3300098063623
808,"Heat",-145,-0.0700562056549394,0.61492077458174,333.586568742001,29.3713547300431
809,"Heat",-144,-0.0644828222898472,0.610379263359578,333.240298912154,29.0073595195071
810,"Heat",-143,-0.0574960138133922,0.592536231257266,332.195525494348,28.8504829761732
811,"Heat",-142,-0.0359936821387449,0.648505031682097,330.875496372588,28.4963001246037
812,"Heat",-141,-0.0138885425832231,0.730542116957715,329.618585957921,29.7071039145543
813,"Heat",-140,-0.027020214276452,1.04967258409608,327.209846982353,29.5660778481196
814,"Heat",-139,-0.0213986195545757,1.2145631359017,324.987602983117,29.602177507239
815,"Heat",-138,-0.018568885741119,1.31355882731958,323.669088444561,30.3025077332123
816,"Heat",-137,-0.0307355069650247,1.36760265467455,321.61466878165,30.5267162843698
817,"Heat",-136,-0.0157049612097702,1.38159006078524,320.068350145383,31.0059720465546
818,"Heat",-135,0.00533775190193464,1.40983730619186,318.50286596242,31.7079660413626
819,"Heat",-134,0.00362559509992599,1.56370948468456,316.573052190942,32.5344395524394
820,"Heat",-133,0.0238609381092446,1.5337945379282,313.452659633299,33.591298266747
821,"Heat",-132,0.0251478752971309,1.6216013371846,310.845878599145,35.3231534644463
822,"Heat",-131,-0.00479988155678883,1.74725943060641,308.305315266188,36.4396346391488
823,"Heat",-130,-0.00107390552482356,1.76343021775104,305.416779279387,37.342922721632
824,"Heat",-129,0.0395666894969226,1.56062833323978,303.046935080106,37.3282549274183
825,"Heat",-128,0.0539516977889528,1.42281649474087,299.986433947765,38.0512197732675
826,"Heat",-127,0.0523458038308806,1.33296042080585,295.188783783268,37.46798079152
827,"Heat",-126,0.0612672049474546,1.23526718168539,292.060280259312,38.5608758994097
828,"Heat",-125,0.0756625866790703,1.12492794685973,289.165304762944,39.6454669872976
829,"Heat",-124,0.0820835117094681,1.05691966351105,286.504674072125,39.7063925697188
830,"Heat",-123,0.0913146248313003,1.05122884174276,283.090631036566,39.2966310600268
831,"Heat",-122,0.0662320072909148,1.03466343188952,279.937229039298,40.0618844208407
901,"Heat",-121,0.0305654481757436,0.978193069576747,274.984121189544,40.4700290847096
902,"Heat",-120,0.00757669074524958,0.893478383890491,271.377320853641,41.2148696024599
903,"Heat",-119,0.00116434986770463,0.775472197697329,268.647530462975,40.8956119202518
904,"Heat",-118,-0.020322875375617,0.721435669279593,266.511913664921,41.8890633269687
905,"Heat",-117,-0.0217317656259491,0.645938489032823,264.105052230471,43.9117371990304
906,"Heat",-116,-0.00909854784665284,0.602619233308903,263.29674140365,45.0206544111185
907,"Heat",-115,-0.0180337974665671,0.614848975185192,260.592830156682,44.906259035055
908,"Heat",-114,-0.0195954967268459,0.616025646203003,256.687706405368,45.2084186189715
909,"Heat",-113,-0.0382709988481353,0.590983851847152,253.025371951869,46.1155010243126
910,"Heat",-112,-0.0523942303216107,0.572715486068561,249.798117479645,46.855376813982
911,"Heat",-111,-0.0546830815786302,0.559767704125936,246.738604481191,47.2540064848092
912,"Heat",-110,-0.0260346476198336,0.471697344113791,244.591818565019,48.4521792755097
913,"Heat",-109,0.0172236128735512,0.461098014735668,241.131039349051,49.7667973327103
914,"Heat",-108,0.00672155219155833,0.470278641381407,238.062388968743,50.8189628611796
915,"Heat",-107,-0.00850913912547477,0.483617741182136,234.088830502965,52.2326579619311
916,"Heat",-106,-0.0289355191166254,0.500070923625806,230.432448985835,54.3693174494953
917,"Heat",-105,-0.0526065707888513,0.522623617139391,226.737131706399,56.6624785204126
918,"Heat",-104,-0.0611061320136016,0.546117576085882,222.693654184035,56.6217824240476
919,"Heat",-103,-0.0542616187806785,0.546061688658587,220.37238141652,56.6676214966463
920,"Heat",-102,-0.0268202207398512,0.530425283071473,217.696767222316,57.0577751580317
921,"Heat",-101,0.00483199420426588,0.547094781265527,215.124779726801,56.5527547203077
922,"Heat",-100,0.0417611637755886,0.626881860545745,212.415267465058,54.7362826066295
923,"Heat",-99,0.0565518784260829,0.689048871632176,209.490178826831,52.8534471339891
924,"Heat",-98,0.0518763774661241,0.685909033011195,208.598220074496,52.7733076372357
925,"Heat",-97,0.0670274231091007,0.705586155835055,205.902884183724,53.2322683574193
926,"Heat",-96,0.0767897704822609,0.709535336746573,202.227039569361,53.0606314044256
927,"Heat",-95,0.0887076795947647,0.72197219781334,199.260137386045,52.5804890925294
928,"Heat",-94,0.0852667872165569,0.704432165935499,195.665453502438,53.4607029566831
929,"Heat",-93,0.0798938543579139,0.685736671954581,194.091833098134,53.4291633516958
930,"Heat",-92,0.0695368392263682,0.646410302649057,191.014293367749,51.6908219658252
1001,"Heat",-91,0.0487035345193034,0.580914692870927,188.407794590663,49.8713158653654
1002,"Heat",-90,0.0244737798007734,0.514685814435278,185.4649388581,49.644207920995
1003,"Heat",-89,-0.00122894970585436,0.465512511737468,180.692708835949,49.1781569170163
1004,"Heat",-88,-0.000832214635815107,0.49732007073207,177.519922007359,50.0031519378005
1005,"Heat",-87,-0.00315151685081136,0.57097197523698,173.314962935746,51.091867800514
1006,"Heat",-86,0.00416076690755921,0.688914952305107,169.499539111493,53.1240194089705
1007,"Heat",-85,0.02288647395119,0.802480077012071,165.131056352751,53.7995241916068
1008,"Heat",-84,0.0169817819717405,0.843884963711971,160.085681470968,54.3224778522813
1009,"Heat",-83,0.0121555241726269,0.875624500489492,155.385797387677,55.5901985199241
1010,"Heat",-82,0.010132968244293,0.877218752762807,150.189834246472,56.6171580537989
1011,"Heat",-81,0.00595414712266535,0.820737496815089,144.524910697658,57.7144463471231
1012,"Heat",-80,-0.00435386318124863,0.732942484151939,137.790361794443,57.5480735264435
1013,"Heat",-79,-0.0133996100365028,0.645323899504832,131.693095305977,57.6021049830605
1014,"Heat",-78,-0.0254876247060796,0.565638391119402,127.669499926392,57.2226162663152
1015,"Heat",-77,-0.0278586858854706,0.525447808463547,122.436800922231,57.0894490059527
1016,"Heat",-76,-0.0153428071359014,0.51094212198561,117.107034675306,56.508301462383
1017,"Heat",-75,-0.00148706792495346,0.558940946718511,113.219298940854,55.9153366755793
1018,"Heat",-74,0.00244188102936986,0.65388928394492,110.659024008836,55.1166645062374
1019,"Heat",-73,0.0163827220136926,0.731975823127636,107.773124372708,53.8009629274224
1020,"Heat",-72,0.0339453290195868,0.793110974960418,104.463631939139,53.0838835006857
1021,"Heat",-71,0.0341154679703011,0.901401629466425,101.52181451713,53.7607069113418
1022,"Heat",-70,0.019978926433899,0.957908123979788,99.0727637325464,54.9484445006086
1023,"Heat",-69,0.0093312286116184,1.00028039566622,98.0499694859353,55.0087594903324
1024,"Heat",-68,0.0188001964358941,0.962562426641709,95.6395214757974,53.8436055789435
1025,"Heat",-67,0.0233059246581083,0.921343250951498,92.6867789023341,53.4546687188079
1026,"Heat",-66,0.00622159337287424,0.863938064227114,90.0743342377361,51.9505697935278
1027,"Heat",-65,-0.01143928217376,0.791088102455385,87.6197592260548,48.6355496753862
1028,"Heat",-64,-0.037767259132406,0.73471267815815,85.2623928318821,46.4730344375552
1029,"Heat",-63,-0.0549057167466745,0.662616448954302,82.2933936198087,45.4985195240913
1030,"Heat",-62,-0.074330554809365,0.648119218042835,79.4245299615757,44.2750378256494
1031,"Heat",-61,-0.0885655935634721,0.644696541274146,75.63785468994,41.8594543745827
1101,"Heat",-60,-0.0744423144281602,0.536805032529649,71.452587940235,39.8147331920298
1102,"Heat",-59,-0.0508471525620744,0.417896085866324,67.6787561155542,37.6541570462067
1103,"Heat",-58,-0.0203017536584971,0.327253144974574,63.376836503968,36.2058703399706
1104,"Heat",-57,-0.0257923187220682,0.328037511861657,60.7199151258279,34.6360315361043
1105,"Heat",-56,-0.0174308196165788,0.279596005989091,58.0707672199686,32.8493411260655
1106,"Heat",-55,-0.00358193210878958,0.268255735014846,55.3134939875773,31.3756910445675
1107,"Heat",-54,-0.00941843642262886,0.213945971398761,51.7908230659944,31.8357041622233
1108,"Heat",-53,-0.028769206187796,0.200116120296126,47.5480164902349,31.2710612102614
1109,"Heat",-52,-0.0548583108990633,0.26979157049025,44.3891250870194,30.2644286948669
1110,"Heat",-51,-0.0656658211231467,0.317036712971393,42.0209228235795,29.8964545394198
1111,"Heat",-50,-0.0727913868170989,0.387106435336953,40.4235180431053,28.8359932694424
1112,"Heat",-49,-0.0819626289498899,0.447703205324972,38.8785225346159,27.9677455263971
1113,"Heat",-48,-0.0857468587992777,0.433375336025785,37.412998163171,28.3575749280897
1114,"Heat",-47,-0.0832250920901995,0.406147173124886,35.9980589978141,28.510292371987
1115,"Heat",-46,-0.0791746557091482,0.405914771329366,34.3147613243853,28.5874207645034
1116,"Heat",-45,-0.090273326497855,0.475822641015363,32.7109292907512,28.6585200868446
1117,"Heat",-44,-0.079953004251134,0.473606707793132,31.83949576686,28.8350450315122
1118,"Heat",-43,-0.0621844712979347,0.448355269305516,31.4352206167839,29.8019909636129
1119,"Heat",-42,-0.0495275567590083,0.392143472803874,31.0170502266778,30.7546253705625
1120,"Heat",-41,-0.0193983966520379,0.313358500602824,30.0599259961938,30.3786028296377
1121,"Heat",-40,0.0157852645857975,0.261380200969641,28.5195423417875,28.3375543720188
1122,"Heat",-39,0.0469716905075335,0.282126294415699,26.9432721567732,26.8746267081008
1123,"Heat",-38,0.0791966370318211,0.372464369412475,25.4053607395852,25.2761737542427
1124,"Heat",-37,0.108432094880706,0.497599714489049,24.2186060049882,24.0543739989107
1125,"Heat",-36,0.125782324856169,0.60886416015824,22.9688004332021,22.5429903615038
1126,"Heat",-35,0.1238450645564,0.626853513740372,22.0533097035523,20.9836651192988
1127,"Heat",-34,0.137770486569074,0.643500890345541,21.2664937538755,19.8581170939497
1128,"Heat",-33,0.115904383501522,0.568420726240229,19.9590422315003,19.0881496387263
1129,"Heat",-32,0.0900244663017312,0.485201649573416,18.3690717408136,18.4358509384417
1130,"Heat",-31,0.0799682892333021,0.470008016810508,17.4263278010253,19.5554494958043
1201,"Heat",-30,0.0695148246848033,0.477763440610121,16.4138605496155,19.3414508415285
1202,"Heat",-29,0.0537331744936114,0.467725078080462,15.9017592461974,20.0447012379462
1203,"Heat",-28,0.0396664367489599,0.448919653403754,15.8765005530142,20.7784459778012
1204,"Heat",-27,0.017772329130356,0.436426473802099,15.9707263813962,20.8395691692473
1205,"Heat",-26,-0.00107804375279535,0.443722130105948,15.6772867532526,20.7097643379655
1206,"Heat",-25,0.00543217783158074,0.495037230269123,15.581609228835,21.1322518401305
1207,"Heat",-24,0.03039871862498,0.549552832136463,15.4066402488238,21.1607491836194
1208,"Heat",-23,0.0460147645798813,0.530320863676194,14.9965266351066,20.3721474634943
1209,"Heat",-22,0.0505483882495094,0.48716275603278,14.4185046568065,18.9584738094391
1210,"Heat",-21,0.0604428525141465,0.499194042807794,14.0620163441756,18.1300934615927
1211,"Heat",-20,0.0565123138623483,0.438908844458161,13.3158849953073,16.3537696184339
1212,"Heat",-19,0.0275872356115485,0.281891761878846,13.1283067871585,15.8445290583674
1213,"Heat",-18,-0.0108250144012823,0.214496017702848,13.0168929404479,15.1477700833157
1214,"Heat",-17,-0.0425530906902464,0.292744297128937,12.9208720888796,14.8657483799019
1215,"Heat",-16,-0.0528411171212681,0.364920432268928,12.6790308862111,15.1279854394784
1216,"Heat",-15,-0.0682417720691983,0.448775557155417,12.7414842133654,15.9757564122133
1217,"Heat",-14,-0.103707176169334,0.603409445690101,12.7060942845023,16.3665390025348
1218,"Heat",-13,-0.133920763105325,0.761457251046219,12.8952381721215,16.5522810629044
1219,"Heat",-12,-0.14390043909878,0.869431101119867,13.4022862600061,17.1167578370864
1220,"Heat",-11,-0.129273202969309,0.837017171268644,13.9497782471242,17.8247785076027
1221,"Heat",-10,-0.117355636256732,0.783154160988655,14.2011979447029,18.8144484187404
1222,"Heat",-9,-0.0921847733709285,0.723859949753793,14.4965679754394,18.7896383648342
1223,"Heat",-8,-0.0642009052695336,0.642959495646329,14.6161411303692,17.7166093794438
1224,"Heat",-7,-0.0274022956822315,0.546585182179329,14.445986431666,17.4487835973589
1225,"Heat",-6,0.00234875528663701,0.530925417216201,14.0368921049575,17.0334677764701
1226,"Heat",-5,0.00743431435449231,0.55279103565097,14.114733173605,16.5425078182874
1227,"Heat",-4,0.0131028419790398,0.548436656148758,13.8078339652134,16.1375537504389
1228,"Heat",-3,0.0371696372426174,0.591173348920999,13.5821290452898,15.8600935109449
1229,"Heat",-2,0.0446810841934136,0.635597276536156,12.9298032543079,15.4258801255449
1230,"Heat",-1,0.0632425091606105,0.626590446922505,12.1971735204568,14.5699500313269
1231,"Heat",0,0.078243003534252,0.637774797627271,11.7037833299503,13.9545095932602
101,"Heat",1,0.0897151937506101,0.756064727473459,11.6158700940211,13.5842616127509
102,"Heat",2,0.0851755678932198,0.915770293597248,11.3062182466086,12.7306657475279
103,"Heat",3,0.0573521337901353,1.1298398352612,11.0146751172293,12.318750632343
104,"Heat",4,0.0271629901767287,1.29904201644919,11.16638334227,13.1505612533917
105,"Heat",5,0.0204876539009014,1.33340432260965,11.5531895886738,13.8240864707323
106,"Heat",6,0.0287442304531472,1.34992774007473,11.6049796864511,13.9274398512442
107,"Heat",7,0.0222280596857349,1.33301161300325,11.6408347314392,14.2760957789049
108,"Heat",8,-0.0213254324958202,1.30871457944453,11.7316150535627,14.8366963905069
109,"Heat",9,-0.036198274692644,1.26321318900827,11.689518922712,15.1617360247082
110,"Heat",10,-0.0739595960261189,1.26554682820631,11.5818737269809,15.4693428235777
111,"Heat",11,-0.0923263903617731,1.28267155624143,11.5620487359958,15.9989994187819
112,"Heat",12,-0.099622693481023,1.27649887915524,10.9921846842363,15.6001033714515
113,"Heat",13,-0.121277643087881,1.22817982013446,10.7822193771181,15.5127526364472
114,"Heat",14,-0.127002138146249,1.1209127617106,10.6284666254744,15.4620746296436
115,"Heat",15,-0.111679573594893,0.954434382760066,10.3891265678782,15.584716905395
116,"Heat",16,-0.125381214486268,0.951192481884979,9.84692412267165,15.1537734169722
117,"Heat",17,-0.138313306345995,0.9839437311598,9.58635181315796,14.3812848592347
118,"Heat",18,-0.143739918279654,1.00730490470624,9.62226680146142,13.8325272942769
119,"Heat",19,-0.118621183831676,0.911340616528362,9.37585127385657,13.23926613867
120,"Heat",20,-0.097597835024874,0.807415939529687,9.81147222048637,13.1771809592262
121,"Heat",21,-0.0626838839360186,0.70169003531252,9.92587311197779,12.7397784656359
122,"Heat",22,-0.0700523539373205,0.683083271414378,9.82935160265532,12.4475872871942
123,"Heat",23,-0.074438221185042,0.665907097685884,10.2707921272575,13.263499836137
124,"Heat",24,-0.049081827796913,0.586349176462883,10.6255338492057,13.6021012040699
125,"Heat",25,-0.0424137569790979,0.627973451304219,11.1674492285497,13.7828148676756
126,"Heat",26,-0.0497613930494481,0.654889133687594,11.3537108945792,14.2451131065522
127,"Heat",27,-0.056722978940124,0.685436944573993,11.791878263585,15.0073813327145
128,"Heat",28,-0.075361200668668,0.796782219719142,12.210383557052,16.4386803231238
129,"Heat",29,-0.0765635280660136,0.803769512031416,12.3377379443482,17.7581409381889
130,"Heat",30,-0.0768107051569768,0.834015245837754,12.4630834943378,18.2213529829952
131,"Heat",31,-0.0818687019393317,0.929434803564482,12.6715114405716,19.4106881627839
201,"Heat",32,-0.0838215413769,1.02379292120035,13.405782156762,20.0155807506994
202,"Heat",33,-0.0758937080012432,1.09362076724597,13.888545101902,19.7826847189761
203,"Heat",34,-0.0746377881272178,1.12707801517394,14.0349923496358,19.6467802496157
204,"Heat",35,-0.0942605325917094,1.22204778362195,14.0615420778239,19.2328945210092
205,"Heat",36,-0.0965066195786704,1.26018340737086,13.6858322081218,18.6511754367141
206,"Heat",37,-0.105013043164817,1.34979846227322,13.9481082623842,18.6318046084552
207,"Heat",38,-0.094101756389054,1.40249619509645,14.3543969037789,18.1716922190857
208,"Heat",39,-0.0688747970545334,1.36396497239624,14.045668327374,17.0269313730144
209,"Heat",40,-0.0575893723206475,1.42119999598737,13.8158546994192,16.5871290323029
210,"Heat",41,-0.0644861744897766,1.49348995021034,13.8112209611242,16.6395474961147
211,"Heat",42,-0.0687385031909373,1.49998703841517,13.0964222571812,15.9760856811115
212,"Heat",43,-0.0936986656474576,1.58724465990933,11.9627025470368,15.1920859297697
213,"Heat",44,-0.104075377257251,1.60352729081363,11.2519035406122,14.917941608698
214,"Heat",45,-0.112506782980282,1.65772987599129,10.9005324244215,14.7719783515858
215,"Heat",46,-0.105621335744515,1.72268453656032,11.3213829769124,15.5257036991359
216,"Heat",47,-0.118672020850414,1.78919848733242,12.1244219266835,16.1583463579167
217,"Heat",48,-0.125342880995846,1.79137740279652,12.2913115628076,16.1562763815745
218,"Heat",49,-0.14598952559564,1.85744128146569,12.211867342542,16.2289385781993
219,"Heat",50,-0.166736774858516,1.96968013259464,13.4640574590451,17.8255742991164
220,"Heat",51,-0.176286361938593,1.96405071779904,14.7978565779195,18.6605385492886
221,"Heat",52,-0.206657484209396,2.01393750072357,16.1030502916328,19.4391225269098
222,"Heat",53,-0.217803239818411,2.05793090328468,17.6105876863215,20.3471830435895
223,"Heat",54,-0.22066616840251,2.00186214248994,19.3482037962636,21.1205254806928
224,"Heat",55,-0.225053076791777,1.99042227744212,21.0580431993453,21.4755326722612
225,"Heat",56,-0.223845403539314,1.94331296088254,22.3206233408576,22.0749771344275
226,"Heat",57,-0.209529668267702,1.83404246383813,23.1858632048484,22.4300597042983
227,"Heat",58,-0.192323507460367,1.78039874488083,23.6899965373213,22.7313842981294
228,"Heat",59,-0.176679986638999,1.74511035597435,24.3670281806412,23.0797125115082
301,"Heat",60,-0.174243934735201,1.76130297549049,25.0108452581216,22.8557691603137
302,"Heat",61,-0.178381409074882,1.75891980586662,25.4139309489681,22.8282824809354
303,"Heat",62,-0.194153977569442,1.8391866606658,26.7999364416703,23.2745755518264
304,"Heat",63,-0.167500930547314,1.81265840152861,28.2899627442944,24.6704083519207
305,"Heat",64,-0.164590967597323,1.86983258204156,29.7218729400585,25.486046813223
306,"Heat",65,-0.17051786904233,1.97083701912971,31.2112192935146,26.8522932589247
307,"Heat",66,-0.198798224630844,2.14386056708942,32.4570555843579,27.7159298349325
308,"Heat",67,-0.214421682649004,2.28033026996699,33.7393903325697,28.2600555864881
309,"Heat",68,-0.229536643002632,2.35598999397861,34.4883502524907,28.7807927281097
310,"Heat",69,-0.226310418663435,2.34682988759598,36.1253460338767,29.4164111360781
311,"Heat",70,-0.221722345904193,2.42203222505609,38.4725225669616,30.6761089250454
312,"Heat",71,-0.218740483814989,2.46437362214919,41.0720897914993,31.9205927144579
313,"Heat",72,-0.227828306081713,2.47753203589712,43.1176477842528,32.7403237957731
314,"Heat",73,-0.227318437635725,2.46336873037285,43.4392125834989,33.082196840908
315,"Heat",74,-0.240673241905748,2.4423590510993,43.2737335010147,33.8166977950187
316,"Heat",75,-0.241994404978862,2.38279541000751,43.6088101628011,33.8057860366135
317,"Heat",76,-0.224907442740279,2.25795976339741,43.6165559182337,33.6880162334267
318,"Heat",77,-0.189334559611598,2.06031172205475,44.2127888394122,33.9762043212142
319,"Heat",78,-0.164263564385094,1.89833906630822,46.2548471762829,34.4824644340277
320,"Heat",79,-0.149853387323243,1.80555206075374,48.5091016473784,35.5214044439073
321,"Heat",80,-0.135490186862087,1.72931928197421,49.8580066445221,35.8404190629502
322,"Heat",81,-0.148020770097396,1.71999958441858,50.7011132337432,34.7130007461071
323,"Heat",82,-0.16641736537912,1.71916258366766,51.8059887839303,34.786631407804
324,"Heat",83,-0.153394472595361,1.64980378715937,53.2576716274592,36.083596452657
325,"Heat",84,-0.138808986117364,1.6260403980359,56.1821784251774,37.5443645096568
326,"Heat",85,-0.130788513130595,1.64920803342867,59.6783058219011,38.8587187094565
327,"Heat",86,-0.114290288114869,1.73465939134113,63.2741727984261,40.4410420019068
328,"Heat",87,-0.114294803773363,1.87622055058262,67.9252822811575,41.8676882279322
329,"Heat",88,-0.0929955647111627,1.91846356485471,71.8383541054804,43.9022611479783
330,"Heat",89,-0.0810338921774466,1.9636479645104,73.3826736964847,45.0339660389243
331,"Heat",90,-0.0680365866552789,1.98219947976318,74.5047199054383,44.6212734205019
401,"Heat",91,-0.0802808899287644,2.04030063766158,75.9988497285452,46.2080884118784
402,"Heat",92,-0.106225476393881,2.08661057043335,78.5209571420425,47.2068346213812
403,"Heat",93,-0.113110648868999,2.04714096502867,79.5423372699517,46.757825996657
404,"Heat",94,-0.144796249389668,2.08674316102636,80.6531216907715,47.1678174632347
405,"Heat",95,-0.181712512037189,2.11098201884082,82.1135429566043,48.5315091329261
406,"Heat",96,-0.199208941549067,2.06629918131342,82.9266751544214,49.4455043283396
407,"Heat",97,-0.23439437464711,2.08830333881207,82.8095821113423,49.4138452481928
408,"Heat",98,-0.244881457725012,2.08804502183883,81.6461247858556,48.2150834515974
409,"Heat",99,-0.283195255728466,2.17174404782806,81.7656514974775,47.4613083886609
410,"Heat",100,-0.304000165714757,2.14356487606273,84.2669227905729,47.7104819861985
411,"Heat",101,-0.304514387974461,2.03137300779006,87.1072651008293,48.5539026984511
412,"Heat",102,-0.287055981151766,1.84017356594518,89.6981080757838,47.7139342377816
413,"Heat",103,-0.240500730121399,1.56563368369566,91.7154147608106,45.8661894844247
414,"Heat",104,-0.204940155653113,1.3605934271954,93.846084925766,45.9683919211293
415,"Heat",105,-0.143184610738681,1.03861881803683,96.8817347072734,47.1120840989157
416,"Heat",106,-0.0705022980865744,0.76428867294923,100.287339267985,47.7847081783439
417,"Heat",107,-0.0125179401741377,0.613891400112144,105.202507551893,49.7495563183278
418,"Heat",108,0.0198825108680276,0.503511140453922,111.264549724252,53.2159072201397
419,"Heat",109,0.0197655528369943,0.473373126158418,117.641647305964,56.560936932392
420,"Heat",110,0.0354798918822309,0.531671358814524,122.519269358217,58.0576189582196
421,"Heat",111,0.0394051874321368,0.615118586926704,125.620681773002,60.1097666866363
422,"Heat",112,0.0288148290640693,0.676978061943504,127.327786807587,61.1907294936456
423,"Heat",113,0.0039596967214681,0.771513326888041,130.329870570435,63.3631226406083
424,"Heat",114,-0.0277714001332575,0.890512978440139,132.848921115346,65.1708270653499
425,"Heat",115,-0.0484193691135169,1.04752317611904,137.184649514819,66.0891526546392
426,"Heat",116,-0.0697938421530774,1.15952857303568,140.905337870562,66.6302557409618
427,"Heat",117,-0.0740172555835472,1.19086198623532,143.883396259747,66.9627035156535
428,"Heat",118,-0.0757099530012178,1.1862888124204,145.867299609369,65.3962650529327
429,"Heat",119,-0.0710854554847319,1.1955639079798,146.510126167724,63.9356717816546
430,"Heat",120,-0.0621094148201472,1.17202956519996,148.486995811944,63.1993330367122
501,"Heat",121,-0.0509623558654499,1.15881802048021,150.871844616023,60.5346479093649
502,"Heat",122,-0.0316253711937332,1.13258040682692,155.430761466282,58.0715919363084
503,"Heat",123,-0.0051838391298203,1.13548348357137,162.176023200072,55.5428671056171
504,"Heat",124,0.0169532339108421,1.14317601975137,168.578598257037,53.5831963356706
505,"Heat",125,0.0297363117586327,1.13883502999512,174.259078880232,53.988958134827
506,"Heat",126,0.036408997429956,1.09177978683281,179.821331048861,55.4447635811936
507,"Heat",127,0.0436349752577229,0.977463496757658,184.99392612581,56.8696890897441
508,"Heat",128,0.0145134310655389,0.861168653977426,189.094363213229,57.4733057778045
509,"Heat",129,-0.00446931019274273,0.771468953951411,192.60501998829,60.0403630553046
510,"Heat",130,-0.00402075615842177,0.705460760979893,196.584926149925,62.485360811135
511,"Heat",131,0.00790357896151002,0.657936312970349,200.403595126644,65.0153662730108
512,"Heat",132,-0.0107531485840831,0.63396701044212,204.877273492005,67.6227520586311
513,"Heat",133,-0.0390014116008846,0.640077418403703,208.46969237547,67.3317636307503
514,"Heat",134,-0.0670957800450892,0.73393018856914,210.296106459285,65.5386047235917
