{"prefix": {"roocs": "urn:roocs:", "provone": "http://purl.dataone.org/provone/2015/01/15/ontology#", "dcterms": "http://purl.org/dc/terms/"}, "agent": {"roocs:C3S_CDS": {"prov:type": {"$": "prov:Organization", "type": "prov:QUALIFIED_NAME"}, "prov:label": "Copernicus Climate Data Store", "dcterms:source": "https://cds.climate.copernicus.eu"}, "roocs:rook_v0.13.0": {"prov:type": {"$": "prov:SoftwareAgent", "type": "prov:QUALIFIED_NAME"}, "prov:label": "Rook", "dcterms:source": "https://github.com/roocs/rook/releases/tag/v0.13.0"}, "roocs:daops_v0.10.0": {"prov:type": {"$": "prov:SoftwareAgent", "type": "prov:QUALIFIED_NAME"}, "prov:label": "DAOPS", "dcterms:source": "https://github.com/roocs/daops/releases/tag/v0.10.0"}}, "wasAttributedTo": {"_:id1": {"prov:entity": "roocs:rook_v0.13.0", "prov:agent": "roocs:C3S_CDS"}}, "entity": {"roocs:workflow_e0a16d99-2106-4fef-9589-4720f6827005": {"prov:type": {"$": "provone:Workflow", "type": "prov:QUALIFIED_NAME"}}, "roocs:c3s-cmip6.CMIP.MIROC.MIROC6.historical.r1i1p1f1.Amon.tasmax.gn.v20181212": {"prov:type": {"$": "provone:Data", "type": "prov:QUALIFIED_NAME"}, "prov:label": "c3s-cmip6.CMIP.MIROC.MIROC6.historical.r1i1p1f1.Amon.tasmax.gn.v20181212"}, "roocs:tasmax_Amon_MIROC6_historical_r1i1p1f1_gn_19860116-20141216.nc": {"prov:type": {"$": "provone:Data", "type": "prov:QUALIFIED_NAME"}, "prov:label": "tasmax_Amon_MIROC6_historical_r1i1p1f1_gn_19860116-20141216.nc"}}, "activity": {"roocs:orchestrate_e0a16d99-2106-4fef-9589-4720f6827005": {"prov:type": {"$": "provone:Execution", "type": "prov:QUALIFIED_NAME"}, "prov:label": "orchestrate", "prov:startTime": "2024-03-10T03:42:03", "prov:endTime": "2024-03-10T03:42:04"}, "roocs:subset_tasmax_1_79b24c39-dce4-429d-95b2-8627f6217513": {"prov:type": {"$": "provone:Execution", "type": "prov:QUALIFIED_NAME"}, "prov:label": "subset_tasmax_1", "roocs:time": "1986/2014", "roocs:time_components": "year:1986,1987,1988,1989,1990,1991,1992,1993,1994,1995,1996,1997,1998,1999,2000,2001,2002,2003,2004,2005,2006,2007,2008,2009,2010,2011,2012,2013,2014", "roocs:area": "126,35,127,37", "roocs:apply_fixes": false}}, "wasAssociatedWith": {"_:id2": {"prov:activity": "roocs:orchestrate_e0a16d99-2106-4fef-9589-4720f6827005", "prov:agent": "roocs:rook_v0.13.0", "prov:plan": "roocs:workflow_e0a16d99-2106-4fef-9589-4720f6827005"}, "_:id3": {"prov:activity": "roocs:subset_tasmax_1_79b24c39-dce4-429d-95b2-8627f6217513", "prov:agent": "roocs:daops_v0.10.0", "prov:plan": "roocs:workflow_e0a16d99-2106-4fef-9589-4720f6827005"}}, "wasDerivedFrom": {"_:id4": {"prov:generatedEntity": "roocs:tasmax_Amon_MIROC6_historical_r1i1p1f1_gn_19860116-20141216.nc", "prov:usedEntity": "roocs:c3s-cmip6.CMIP.MIROC.MIROC6.historical.r1i1p1f1.Amon.tasmax.gn.v20181212", "prov:activity": "roocs:subset_tasmax_1_79b24c39-dce4-429d-95b2-8627f6217513"}}}