{"prefix": {"roocs": "urn:roocs:", "provone": "http://purl.dataone.org/provone/2015/01/15/ontology#", "dcterms": "http://purl.org/dc/terms/"}, "agent": {"roocs:C3S_CDS": {"prov:type": {"$": "prov:Organization", "type": "prov:QUALIFIED_NAME"}, "prov:label": "Copernicus Climate Data Store", "dcterms:source": "https://cds.climate.copernicus.eu"}, "roocs:rook_v0.12.2": {"prov:type": {"$": "prov:SoftwareAgent", "type": "prov:QUALIFIED_NAME"}, "prov:label": "Rook", "dcterms:source": "https://github.com/roocs/rook/releases/tag/v0.12.2"}, "roocs:daops_v0.10.0": {"prov:type": {"$": "prov:SoftwareAgent", "type": "prov:QUALIFIED_NAME"}, "prov:label": "DAOPS", "dcterms:source": "https://github.com/roocs/daops/releases/tag/v0.10.0"}}, "wasAttributedTo": {"_:id1": {"prov:entity": "roocs:rook_v0.12.2", "prov:agent": "roocs:C3S_CDS"}}, "entity": {"roocs:workflow_979d3804-5b95-4a86-9023-3d55e8c40aed": {"prov:type": {"$": "provone:Workflow", "type": "prov:QUALIFIED_NAME"}}, "roocs:c3s-cmip6.CMIP.MPI-M.MPI-ESM1-2-LR.historical.r1i1p1f1.Amon.tasmax.gn.v20190710": {"prov:type": {"$": "provone:Data", "type": "prov:QUALIFIED_NAME"}, "prov:label": "c3s-cmip6.CMIP.MPI-M.MPI-ESM1-2-LR.historical.r1i1p1f1.Amon.tasmax.gn.v20190710"}, "roocs:tasmax_Amon_MPI-ESM1-2-LR_historical_r1i1p1f1_gn_19860116-20141216.nc": {"prov:type": {"$": "provone:Data", "type": "prov:QUALIFIED_NAME"}, "prov:label": "tasmax_Amon_MPI-ESM1-2-LR_historical_r1i1p1f1_gn_19860116-20141216.nc"}}, "activity": {"roocs:orchestrate_979d3804-5b95-4a86-9023-3d55e8c40aed": {"prov:type": {"$": "provone:Execution", "type": "prov:QUALIFIED_NAME"}, "prov:label": "orchestrate", "prov:startTime": "2023-12-20T20:13:32", "prov:endTime": "2023-12-20T20:13:37"}, "roocs:subset_tasmax_1_b1033fb4-4d57-4186-8ba8-c130f2e8ea9b": {"prov:type": {"$": "provone:Execution", "type": "prov:QUALIFIED_NAME"}, "prov:label": "subset_tasmax_1", "roocs:time": "1986/2014", "roocs:time_components": "year:1986,1987,1988,1989,1990,1991,1992,1993,1994,1995,1996,1997,1998,1999,2000,2001,2002,2003,2004,2005,2006,2007,2008,2009,2010,2011,2012,2013,2014", "roocs:area": "9,53,11,55", "roocs:apply_fixes": false}}, "wasAssociatedWith": {"_:id2": {"prov:activity": "roocs:orchestrate_979d3804-5b95-4a86-9023-3d55e8c40aed", "prov:agent": "roocs:rook_v0.12.2", "prov:plan": "roocs:workflow_979d3804-5b95-4a86-9023-3d55e8c40aed"}, "_:id3": {"prov:activity": "roocs:subset_tasmax_1_b1033fb4-4d57-4186-8ba8-c130f2e8ea9b", "prov:agent": "roocs:daops_v0.10.0", "prov:plan": "roocs:workflow_979d3804-5b95-4a86-9023-3d55e8c40aed"}}, "wasDerivedFrom": {"_:id4": {"prov:generatedEntity": "roocs:tasmax_Amon_MPI-ESM1-2-LR_historical_r1i1p1f1_gn_19860116-20141216.nc", "prov:usedEntity": "roocs:c3s-cmip6.CMIP.MPI-M.MPI-ESM1-2-LR.historical.r1i1p1f1.Amon.tasmax.gn.v20190710", "prov:activity": "roocs:subset_tasmax_1_b1033fb4-4d57-4186-8ba8-c130f2e8ea9b"}}}