{"prefix": {"roocs": "urn:roocs:", "provone": "http://purl.dataone.org/provone/2015/01/15/ontology#", "dcterms": "http://purl.org/dc/terms/"}, "agent": {"roocs:C3S_CDS": {"prov:type": {"$": "prov:Organization", "type": "prov:QUALIFIED_NAME"}, "prov:label": "Copernicus Climate Data Store", "dcterms:source": "https://cds.climate.copernicus.eu"}, "roocs:rook_v0.12.2": {"prov:type": {"$": "prov:SoftwareAgent", "type": "prov:QUALIFIED_NAME"}, "prov:label": "Rook", "dcterms:source": "https://github.com/roocs/rook/releases/tag/v0.12.2"}, "roocs:daops_v0.10.0": {"prov:type": {"$": "prov:SoftwareAgent", "type": "prov:QUALIFIED_NAME"}, "prov:label": "DAOPS", "dcterms:source": "https://github.com/roocs/daops/releases/tag/v0.10.0"}}, "wasAttributedTo": {"_:id1": {"prov:entity": "roocs:rook_v0.12.2", "prov:agent": "roocs:C3S_CDS"}}, "entity": {"roocs:workflow_f7e04207-136d-4584-8734-da13af7aa4d6": {"prov:type": {"$": "provone:Workflow", "type": "prov:QUALIFIED_NAME"}}, "roocs:c3s-cmip6.CMIP.IPSL.IPSL-CM6A-LR.historical.r1i1p1f1.Amon.tasmax.gr.v20180803": {"prov:type": {"$": "provone:Data", "type": "prov:QUALIFIED_NAME"}, "prov:label": "c3s-cmip6.CMIP.IPSL.IPSL-CM6A-LR.historical.r1i1p1f1.Amon.tasmax.gr.v20180803"}, "roocs:tasmax_Amon_IPSL-CM6A-LR_historical_r1i1p1f1_gr_19860116-20141216.nc": {"prov:type": {"$": "provone:Data", "type": "prov:QUALIFIED_NAME"}, "prov:label": "tasmax_Amon_IPSL-CM6A-LR_historical_r1i1p1f1_gr_19860116-20141216.nc"}}, "activity": {"roocs:orchestrate_f7e04207-136d-4584-8734-da13af7aa4d6": {"prov:type": {"$": "provone:Execution", "type": "prov:QUALIFIED_NAME"}, "prov:label": "orchestrate", "prov:startTime": "2023-12-20T20:13:01", "prov:endTime": "2023-12-20T20:13:03"}, "roocs:subset_tasmax_1_c25e25ef-e4f6-4ed3-ab04-bb96f060d281": {"prov:type": {"$": "provone:Execution", "type": "prov:QUALIFIED_NAME"}, "prov:label": "subset_tasmax_1", "roocs:time": "1986/2014", "roocs:time_components": "year:1986,1987,1988,1989,1990,1991,1992,1993,1994,1995,1996,1997,1998,1999,2000,2001,2002,2003,2004,2005,2006,2007,2008,2009,2010,2011,2012,2013,2014", "roocs:area": "9,53,11,55", "roocs:apply_fixes": false}}, "wasAssociatedWith": {"_:id2": {"prov:activity": "roocs:orchestrate_f7e04207-136d-4584-8734-da13af7aa4d6", "prov:agent": "roocs:rook_v0.12.2", "prov:plan": "roocs:workflow_f7e04207-136d-4584-8734-da13af7aa4d6"}, "_:id3": {"prov:activity": "roocs:subset_tasmax_1_c25e25ef-e4f6-4ed3-ab04-bb96f060d281", "prov:agent": "roocs:daops_v0.10.0", "prov:plan": "roocs:workflow_f7e04207-136d-4584-8734-da13af7aa4d6"}}, "wasDerivedFrom": {"_:id4": {"prov:generatedEntity": "roocs:tasmax_Amon_IPSL-CM6A-LR_historical_r1i1p1f1_gr_19860116-20141216.nc", "prov:usedEntity": "roocs:c3s-cmip6.CMIP.IPSL.IPSL-CM6A-LR.historical.r1i1p1f1.Amon.tasmax.gr.v20180803", "prov:activity": "roocs:subset_tasmax_1_c25e25ef-e4f6-4ed3-ab04-bb96f060d281"}}}